CMS Certification Number (CCN),Provider Name,City/Town,County/Parish,State,health_inspection_rating,short_stay_qm_rating,adjusted_total_nurse_hours_per_resident_day,estimated_occupancy_rate,abuse_icon_flag,total_weighted_health_survey_score,rating_cycle_1_total_health_score
315497,ALLENDALE REHABILITATION AND HEALTHCARE CENTER,ALLENDALE,Bergen,NJ,3.0,4.0,3.25771,0.8291666666666667,0,56.0,64.0
315313,CAREONE AT CRESSKILL,CRESSKILL,Bergen,NJ,4.0,5.0,3.15164,0.7371681415929203,0,31.0,36.0
315360,Emerson Health Care Center,EMERSON,Bergen,NJ,5.0,4.0,4.33627,0.8767741935483871,0,2.0,0.0
315377,"ACTORS FUND HOME, THE",ENGLEWOOD,Bergen,NJ,4.0,2.0,5.01175,0.8728971962616823,0,35.0,44.0
315349,"COMPLETE CARE AT INGLEMOOR, LLC",ENGLEWOOD,Bergen,NJ,2.0,2.0,3.35536,0.9338709677419355,0,94.0,100.0
315328,MAPLE GLEN CENTER,FAIRLAWN,Bergen,NJ,3.0,4.0,3.32961,0.7572327044025158,0,46.0,60.0
315152,CAREONE AT WELLINGTON,HACKENSACK,Bergen,NJ,2.0,5.0,3.37655,0.82890625,0,86.0,100.0
315460,COMPLETE CARE AT PROSPECT HEIGHTS LLC,HACKENSACK,Bergen,NJ,1.0,5.0,2.81068,0.6127551020408163,0,112.0,120.0
315295,COMPLETE CARE AT REGENT LLC,HACKENSACK,Bergen,NJ,2.0,3.0,3.36611,0.9433333333333334,0,89.0,108.0
315386,ATLAS REHABILITATION AND HEALTHCARE AT MAYWOOD,MAYWOOD,Bergen,NJ,3.0,5.0,3.13147,0.925,0,58.0,76.0
315306,CAREONE AT NEW MILFORD,NEW MILFORD,Bergen,NJ,2.0,5.0,2.95345,0.7635593220338982,0,75.0,80.0
315290,"BUCKINGHAM AT NORWOOD, THE",NORWOOD,Bergen,NJ,1.0,2.0,3.0893,0.7020833333333333,0,282.0,345.0
315171,OAKLAND REHABILITATION AND HEALTHCARE  CENTER,OAKLAND,Bergen,NJ,1.0,5.0,3.84641,0.8753488372093022,0,318.0,380.0
315339,CAREONE AT ORADELL,ORADELL,Bergen,NJ,1.0,5.0,3.86224,0.7909090909090909,0,113.0,120.0
315017,BERGEN NEW BRIDGE MEDICAL CENTER,PARAMUS,Bergen,NJ,3.0,4.0,3.71396,0.6202090592334495,0,58.0,64.0
315426,CAREONE AT RIDGEWOOD AVENUE,PARAMUS,Bergen,NJ,2.0,5.0,2.93461,0.9181818181818182,0,89.25,111.0
315129,DELLRIDGE HEALTH & REHABILITATION CENTER,PARAMUS,Bergen,NJ,2.0,4.0,3.6617,1.0218749999999999,0,64.0,72.0
315346,NEW JERSEY VETERANS MEMORIAL HOME AT PARAMUS,PARAMUS,Bergen,NJ,5.0,,6.29681,0.5967261904761905,0,18.0,24.0
315438,Atrium Post Acute Care at Park Ridge,PARK RIDGE,Bergen,NJ,1.0,4.0,3.41256,0.8504761904761905,0,106.0,136.0
315434,Family of Caring Healthcare at Ridgewood,RIDGEWOOD,Bergen,NJ,4.0,3.0,3.48273,0.9010416666666666,0,28.0,24.0
315158,RIDGEWOOD CENTER,RIDGEWOOD,Bergen,NJ,1.0,4.0,3.33637,0.7433333333333334,0,175.5,222.0
315494,ALARIS HEALTH AT THE CHATEAU,ROCHELLE PARK,Bergen,NJ,4.0,4.0,3.5531,0.7796812749003984,0,22.0,16.0
315473,JEWISH HOME AT ROCKLEIGH,ROCKLEIGH,Bergen,NJ,3.0,3.0,4.72302,0.9556122448979593,0,54.0,72.0
315502,CareOne At Teaneck,TEANECK,Bergen,NJ,3.0,5.0,3.32497,0.625,0,43.0,52.0
315037,FAMILY OF CARING AT TEANECK LLC,TEANECK,Bergen,NJ,4.0,2.0,3.49121,0.9738317757009346,0,31.0,40.0
315164,"FAMILY OF CARING HEALTHCARE AT TENAFLY, LLC",TENAFLY,Bergen,NJ,3.0,4.0,3.57529,0.9289855072463767,0,42.0,48.0
315369,CAREONE AT VALLEY,WESTWOOD,Bergen,NJ,5.0,5.0,3.21719,0.8653061224489795,0,15.0,16.0
315133,WOODCLIFF LAKE HEALTH & REHABILITATION CENTER,WOODCLIFF LAKE,Bergen,NJ,4.0,5.0,3.15724,0.7508771929824561,0,17.0,16.0
315376,CHRISTIAN HEALTH CARE CENTER,WYCKOFF,Bergen,NJ,2.0,4.0,4.17758,0.9101973684210526,0,79.0,88.0
315392,Job Haines Home For Aged People,BLOOMFIELD,Essex,NJ,5.0,4.0,5.82877,0.9475,0,4.0,4.0
315471,ST CATHERINE OF SIENA,CALDWELL,Essex,NJ,3.0,,2.10046,0.8566666666666667,0,46.0,52.0
315357,ALARIS HEALTH AT CEDAR GROVE,CEDAR GROVE,Essex,NJ,1.0,5.0,5.5559,0.7034782608695652,0,116.75,96.0
315036,ARBOR GLEN CENTER,CEDAR GROVE,Essex,NJ,1.0,4.0,3.21652,0.8131147540983606,0,105.25,131.0
315204,CANTERBURY AT CEDAR GROVE,CEDAR GROVE,Essex,NJ,1.0,2.0,,,0,130.5,76.0
315216,COMPLETE CARE AT CEDAR GROVE,CEDAR GROVE,Essex,NJ,3.0,5.0,3.74909,0.9010526315789473,0,40.0,24.0
315194,COMPLETE CARE AT ST VINCENTS LLC,CEDAR GROVE,Essex,NJ,5.0,4.0,3.27503,0.905298013245033,0,4.0,0.0
315268,BROOKHAVEN HEALTH CARE CENTER,EAST ORANGE,Essex,NJ,3.0,3.0,3.33231,0.940983606557377,0,39.0,40.0
315178,COMPLETE CARE AT ORANGE PARK,EAST ORANGE,Essex,NJ,3.0,3.0,3.84214,0.9246511627906977,0,47.0,48.0
315147,GROVE PARK HEALTHCARE AND REHABILITATION CENTER,EAST ORANGE,Essex,NJ,2.0,5.0,3.83757,0.941081081081081,0,79.0,76.0
315266,Park Crescent Healthcare & Rehabilitation Center,EAST ORANGE,Essex,NJ,3.0,5.0,3.76125,0.8842105263157894,0,51.75,36.0
315359,ALLIANCE CARE REHABILITATION AND NURSING CENTER,IRVINGTON,Essex,NJ,2.0,3.0,2.94668,0.9108490566037736,0,63.0,32.0
315479,CAREONE AT LIVINGSTON,LIVINGSTON,Essex,NJ,4.0,5.0,3.92088,0.505,0,29.0,28.0
315322,INGLEMOOR REHABILITATION AND CARE CENTER,LIVINGSTON,Essex,NJ,5.0,5.0,4.2655,0.7456521739130435,0,1.0,0.0
315526,LIVINGSTON POST ACUTE CARE,LIVINGSTON,Essex,NJ,1.0,5.0,3.05877,1.0435483870967743,0,109.0,136.0
315527,WINCHESTER GARDENS HEALTH CARE CENTER,MAPLEWOOD,Essex,NJ,4.0,5.0,5.51691,0.8066666666666666,0,28.0,28.0
315435,Family of Caring Healthcare at Montclair,MONTCLAIR,Essex,NJ,4.0,4.0,3.47018,0.95,0,34.0,40.0
315363,MONTCLAIR CARE CENTER,MONTCLAIR,Essex,NJ,4.0,4.0,3.91172,0.7578125,0,24.0,12.0
315343,BROADWAY HOUSE FOR CONTINUING CARE,NEWARK,Essex,NJ,4.0,,,0.9141025641025641,0,25.0,24.0
315375,FOREST HILLS CENTER FOR REHABILITATION AND HEALING,NEWARK,Essex,NJ,1.0,3.0,3.63236,0.925,0,194.75,198.0
315393,NEW COMMUNITY EXTENDED CARE FACILITY,NEWARK,Essex,NJ,1.0,,2.81659,0.5127777777777778,0,274.25,359.0
315458,NEW VISTA NURSING & REHABILITATION CTR,NEWARK,Essex,NJ,1.0,3.0,4.99632,0.7305882352941176,0,110.0,84.0
315236,SINAI POST-ACUTE NURSING & REHAB CENTER,NEWARK,Essex,NJ,1.0,2.0,3.53887,0.9097674418604651,0,252.5,68.0
315352,Axia Care Center of Orange,ORANGE,Essex,NJ,1.0,3.0,4.12549,0.8643617021276596,0,244.25,315.0
315372,WHITE HOUSE HEALTHCARE AND REHABILITATION CENTER,ORANGE,Essex,NJ,4.0,5.0,3.78315,0.9340909090909091,0,36.0,44.0
315247,COMPLETE CARE AT WEST CALDWELL LLC,WEST CALDWELL,Essex,NJ,3.0,5.0,3.39091,0.7638888888888888,0,43.0,56.0
315457,LUTHERAN SOCIAL MINISTRIES CRANES MILL,WEST CALDWELL,Essex,NJ,4.0,5.0,4.30033,0.6678571428571428,0,19.0,16.0
315449,ALARIS HEALTH AT WEST ORANGE,WEST ORANGE,Essex,NJ,2.0,4.0,3.803,0.9125,0,61.0,40.0
315038,COMPLETE CARE AT SUMMIT RIDGE,WEST ORANGE,Essex,NJ,3.0,4.0,3.78374,0.9361842105263158,0,53.0,44.0
315029,DAUGHTERS OF ISRAEL PLEASANT VALLEY HOME,WEST ORANGE,Essex,NJ,3.0,5.0,4.18611,0.3165016501650165,0,60.0,64.0
315416,GREEN HILL,WEST ORANGE,Essex,NJ,2.0,4.0,3.59726,0.7464566929133858,0,84.0,100.0
315066,STRATFORD MANOR REHABILITATION AND CARE CENTER,WEST ORANGE,Essex,NJ,3.0,5.0,3.26966,0.950381679389313,0,40.0,28.0
315532,BAYONNE UNIVERSITY HOSPITAL,BAYONNE,Hudson,NJ,5.0,,6.47116,0.6470588235294118,0,15.0,20.0
315512,HOBOKEN UNIVERSITY MEDICAL CENTER TCU,HOBOKEN,Hudson,NJ,4.0,4.0,7.40962,0.6466666666666666,0,20.0,20.0
315083,ACCLAIM REHABILITATION AND NURSING CENTER,JERSEY CITY,Hudson,NJ,3.0,5.0,3.53391,0.846448087431694,0,49.0,60.0
315300,ALARIS HEALTH AT HAMILTON PARK,JERSEY CITY,Hudson,NJ,4.0,3.0,3.82496,0.6265384615384616,0,28.0,20.0
315310,OPTIMA CARE HARBORVIEW,JERSEY CITY,Hudson,NJ,4.0,4.0,2.84742,0.74,0,31.0,24.0
315413,PEACE CARE ST ANN'S,JERSEY CITY,Hudson,NJ,4.0,3.0,3.82368,0.9075000000000001,0,23.0,20.0
315452,PEACE CARE ST JOSEPH'S,JERSEY CITY,Hudson,NJ,3.0,5.0,4.29549,0.8964028776978417,0,49.0,44.0
315366,ALARIS HEALTH AT BELGROVE,KEARNY,Hudson,NJ,1.0,3.0,4.50064,0.7941666666666667,0,114.0,131.0
315192,ALARIS HEALTH AT KEARNY,KEARNY,Hudson,NJ,4.0,2.0,3.58995,0.8933333333333333,0,29.0,32.0
315307,COMPLETE CARE AT HARBORAGE LLC,NORTH BERGEN,Hudson,NJ,4.0,4.0,3.1003,0.9149797570850202,0,32.0,28.0
315525,HARBOUR VIEW SENIOR LIVING CORP,NORTH BERGEN,Hudson,NJ,2.0,2.0,5.74949,0.935,0,73.0,88.0
315112,HUDSONVIEW HEALTH CARE CENTER,NORTH BERGEN,Hudson,NJ,4.0,4.0,2.99797,0.9608058608058608,0,34.0,32.0
315476,OPTIMA CARE FOUNTAINS,SECAUCUS,Hudson,NJ,1.0,,5.08527,0.841616766467066,0,148.75,152.0
315465,MANHATTANVIEW CTR FOR REHABILITATION AND HEALTHCAR,UNION CITY,Hudson,NJ,3.0,2.0,3.05201,0.9661417322834646,0,60.0,68.0
315344,OPTIMA CARE CASTLE HILL,UNION CITY,Hudson,NJ,1.0,5.0,3.88859,0.6362790697674419,0,163.25,195.0
315467,LITTLE BROOK NURSING AND CONVALESCENT HOME,CALIFON,Hunterdon,NJ,1.0,,3.6085,0.75,0,697.5,524.0
315226,HUNTERDON CARE CENTER LLC,FLEMINGTON,Hunterdon,NJ,2.0,5.0,3.43144,0.9156756756756758,0,83.5,94.0
315302,ROLLING HILLS CARE CENTER,LEBANON,Hunterdon,NJ,1.0,5.0,3.56796,0.8925373134328358,0,188.25,223.0
315433,COUNTRY ARCH CARE CENTER,PITTSTOWN,Hunterdon,NJ,3.0,5.0,3.90913,0.8423076923076923,0,41.0,0.0
315451,THE ELMS REHAB AND HEALTHCARE CENTER OF CRANBURY,CRANBURY,Middlesex,NJ,3.0,5.0,3.45301,0.7391666666666666,0,39.25,8.0
315472,CAREONE AT EAST BRUNSWICK,EAST BRUNSWICK,Middlesex,NJ,3.0,5.0,3.30593,0.7583333333333333,0,51.0,64.0
315351,BRIGHTON GARDENS OF EDISON,EDISON,Middlesex,NJ,3.0,4.0,6.18005,0.84,0,53.75,32.0
315132,CareOne at The Highlands,EDISON,Middlesex,NJ,3.0,4.0,3.5151,0.8327868852459016,0,52.0,48.0
315279,EMBASSY MANOR AT EDISON NURSING AND REHABILITATION,EDISON,Middlesex,NJ,2.0,1.0,3.64493,0.7864285714285714,0,63.0,64.0
315251,HARTWYCK AT OAK TREE,EDISON,Middlesex,NJ,4.0,3.0,3.67682,0.7525,0,18.0,24.0
315459,NEW JERSEY VETERANS MEMORIAL HOME MENLO,EDISON,Middlesex,NJ,4.0,4.0,6.17867,0.5911585365853659,0,27.0,36.0
315039,ROOSEVELT CARE CENTER,EDISON,Middlesex,NJ,2.0,5.0,4.58603,0.8916666666666667,0,90.0,96.0
315362,COMPLETE CARE AT PARK PLACE LLC,MONMOUTH JUNCTION,Middlesex,NJ,3.0,5.0,2.97767,0.9446808510638297,0,53.75,8.0
315353,CRANBURY CENTER,MONROE TOWNSHIP,Middlesex,NJ,4.0,2.0,3.56063,0.6532467532467532,0,28.0,28.0
315336,"GARDENS AT MONROE HEALTHCARE AND REHABILITATION, T",MONROE TOWNSHIP,Middlesex,NJ,3.0,4.0,3.88833,0.7374999999999999,0,34.0,16.0
315269,VILLAGE POINT,MONROE TOWNSHIP,Middlesex,NJ,3.0,5.0,4.62578,0.8558333333333333,0,37.5,16.0
315384,ROSE MOUNTAIN CARE CENTER,NEW BRUNSWICK,Middlesex,NJ,1.0,5.0,4.33328,0.8312499999999999,0,177.5,198.0
315381,AUTUMN LAKE HEALTHCARE AT OLD BRIDGE,OLD BRIDGE,Middlesex,NJ,4.0,3.0,3.38121,0.9533333333333334,0,18.0,16.0
315321,"PREFERRED CARE AT OLD BRIDGE, LLC",OLD BRIDGE,Middlesex,NJ,4.0,5.0,3.60443,0.8814285714285715,0,28.0,24.0
315417,REFORMED CHURCH HOME,OLD BRIDGE,Middlesex,NJ,5.0,5.0,4.14357,0.8777777777777778,0,6.0,4.0
315509,Roosevelt Care Center At Old Bridge,OLD BRIDGE,Middlesex,NJ,5.0,5.0,4.48324,0.8683333333333334,0,17.0,20.0
315180,ALAMEDA CENTER FOR REHABILITATION AND HEALTHCARE,PERTH AMBOY,Middlesex,NJ,3.0,5.0,4.03504,0.894,0,57.0,48.0
315305,SPRING CREEK HEALTHCARE CENTER,PERTH AMBOY,Middlesex,NJ,4.0,2.0,3.06843,0.7731843575418995,0,34.0,32.0
315522,ACCELERATE SKILLED NURSING AND REHAB PISCATAWAY,PISCATAWAY,Middlesex,NJ,1.0,5.0,3.8466,0.8370967741935483,1,278.75,187.0
315001,"MERWICK CARE & REHAB CENTER, LLC",PLAINSBORO,Middlesex,NJ,1.0,4.0,3.39669,0.7120000000000001,0,149.0,56.0
315518,"VENETIAN CARE & REHABILITATION CENTER, THE",SOUTH AMBOY,Middlesex,NJ,2.0,3.0,3.34589,0.7611111111111111,0,98.0,108.0
315214,ARISTACARE AT CEDAR OAKS,SOUTH PLAINFIELD,Middlesex,NJ,2.0,5.0,3.39016,0.8656521739130435,1,93.25,99.0
315318,"ST JOSEPH'S HOME AL & NC, INC",WOODBRIDGE,Middlesex,NJ,5.0,,4.45237,0.9450980392156864,0,2.0,0.0
315397,PREFERRED CARE AT WALL,ALLENWOOD,Monmouth,NJ,4.0,5.0,3.48397,0.8874074074074074,0,31.0,40.0
315087,CAREONE AT MIDDLETOWN,ATLANTIC HIGHLANDS,Monmouth,NJ,2.0,3.0,3.7122,0.6590551181102362,0,77.0,72.0
315177,GATEWAY CARE CENTER,EATONTOWN,Monmouth,NJ,3.0,3.0,4.37139,0.7870786516853933,0,52.0,56.0
315364,JERSEY SHORE CENTER,EATONTOWN,Monmouth,NJ,3.0,5.0,3.121,0.7962025316455696,0,42.0,32.0
315387,ALLAIRE REHAB & NURSING,FREEHOLD,Monmouth,NJ,1.0,4.0,5.11875,0.7804597701149426,1,329.0,292.0
315292,"APPLEWOOD VILLAGE, INC",FREEHOLD,Monmouth,NJ,4.0,5.0,6.14343,0.5966666666666666,0,15.0,20.0
315528,"JEWISH HOME FOR REHABILITATION AND NURSING, THE",FREEHOLD,Monmouth,NJ,4.0,3.0,3.97815,0.9273333333333333,0,21.0,12.0
315153,"MANOR, THE",FREEHOLD,Monmouth,NJ,4.0,4.0,4.3178,0.4585365853658536,0,25.0,32.0
315504,WEDGWOOD GARDENS CARE CENTER,FREEHOLD,Monmouth,NJ,3.0,4.0,3.48419,0.6370860927152318,0,44.75,24.0
315314,ANCHOR CARE AND REHABILITATION CENTER,HAZLET,Monmouth,NJ,4.0,5.0,3.21436,0.8535294117647059,0,27.0,24.0
315119,ARNOLD WALTER NURSING & REHABILITATION CENTER,HAZLET,Monmouth,NJ,3.0,5.0,3.13955,0.694059405940594,0,60.0,68.0
315092,CAREONE AT HOLMDEL,HOLMDEL,Monmouth,NJ,4.0,5.0,3.64661,0.7138461538461538,0,31.0,24.0
315252,Complete Care at Bayshore LLC,HOLMDEL,Monmouth,NJ,3.0,5.0,3.16602,0.6064655172413793,0,43.0,36.0
315437,LAUREL BAY HEALTH & REHABILITATION CENTER,KEANSBURG,Monmouth,NJ,1.0,2.0,3.59856,0.6772357723577236,0,125.25,163.0
315374,DE LA SALLE HALL,LINCROFT,Monmouth,NJ,5.0,,6.14783,0.725,0,9.0,8.0
315284,"COMPLETE CARE AT MONMOUTH, LLC",LONG BRANCH,Monmouth,NJ,2.0,4.0,3.74886,0.6816666666666666,0,74.0,76.0
315282,EXCEL CARE AT MANALAPAN,MANALAPAN,Monmouth,NJ,1.0,5.0,3.58787,0.8371212121212122,0,164.5,56.0
315015,"COMPLETE CARE AT MADISON, LLC",MATAWAN,Monmouth,NJ,3.0,5.0,3.69109,0.7916167664670658,0,41.0,40.0
315463,MEADOWBROOK RESPIRATORY AND NURSING CENTER,MATAWAN,Monmouth,NJ,2.0,3.0,4.25214,0.7615384615384615,0,84.5,40.0
315199,IMPERIAL CARE CENTER,NEPTUNE,Monmouth,NJ,5.0,5.0,3.90003,0.7289256198347107,0,6.0,8.0
315056,JERSEY SHORE POST ACUTE REHABILITATION AND NURSING,NEPTUNE,Monmouth,NJ,3.0,3.0,3.638,0.8514285714285715,0,36.75,12.0
315299,KING MANOR CARE AND REHABILITATION CENTER,NEPTUNE,Monmouth,NJ,4.0,3.0,3.56531,0.8450000000000001,0,37.0,44.0
315105,CORAL HARBOR REHABILITATION AND HEALTHCARE CENTER,NEPTUNE CITY,Monmouth,NJ,3.0,3.0,3.4671,0.8409090909090909,0,39.0,44.0
315365,COMPLETE CARE AT OCEAN GROVE LLC,OCEAN GROVE,Monmouth,NJ,2.0,4.0,3.08412,0.6040816326530613,0,74.0,80.0
315515,"ATRIUM AT NAVESINK HARBOR, THE",RED BANK,Monmouth,NJ,3.0,5.0,5.04454,0.8744186046511628,0,48.0,52.0
315286,REDBANK CENTER FOR REHABILITATION AND HEALING,RED BANK,Monmouth,NJ,2.0,4.0,3.3208,0.7955555555555555,0,82.0,68.0
315136,COMPLETE CARE AT SHREWSBURY LLC,SHREWSBURY,Monmouth,NJ,2.0,4.0,3.2658,0.8021428571428572,0,78.75,60.0
315414,ASTER CREEK NURSING AND REHABILITATION CENTER,TINTON FALLS,Monmouth,NJ,3.0,3.0,5.00604,0.6859999999999999,0,41.0,48.0
315469,CONTINUING CARE AT SEABROOK,TINTON FALLS,Monmouth,NJ,5.0,4.0,5.12398,0.7034883720930233,0,5.0,4.0
315485,CAREONE AT WALL,WALL,Monmouth,NJ,2.0,5.0,3.40442,0.7623076923076922,0,82.25,32.0
315501,COMPLETE CARE AT WALL LLC,WALL,Monmouth,NJ,1.0,5.0,3.42534,0.6061538461538462,0,108.0,144.0
315354,SUNNYSIDE MANOR,WALL,Monmouth,NJ,4.0,4.0,4.81356,0.8833333333333333,0,23.0,28.0
315069,TOWER LODGE CARE CENTER,WALL,Monmouth,NJ,4.0,,3.59348,0.8883333333333333,0,33.0,36.0
315492,FALLSVIEW NURSING AND REHABILITATION CENTER,BOONTON,Morris,NJ,3.0,5.0,3.58387,0.7547008547008547,0,54.0,48.0
315120,CHATHAM HILLS SUBACUTE CARE CENTER,CHATHAM,Morris,NJ,3.0,5.0,3.37797,0.8481481481481481,0,59.0,52.0
315329,"OAKS AT DENVILLE, THE",DENVILLE,Morris,NJ,3.0,5.0,5.30002,0.680952380952381,0,47.0,40.0
315019,DWELLING PLACE AT ST CLARES,DOVER,Morris,NJ,4.0,,2.2159,0.9678571428571429,0,24.0,28.0
315355,EXCEL CARE AT DOVER,DOVER,Morris,NJ,1.0,3.0,3.74751,0.864516129032258,0,112.25,76.0
315529,LIVIA HEALTH AND SENIOR LIVING,EAST HANOVER,Morris,NJ,4.0,5.0,4.06209,0.8651162790697675,0,30.0,16.0
315383,CHESHIRE HOME,FLORHAM PARK,Morris,NJ,4.0,,6.07384,0.9314285714285715,0,32.0,36.0
315530,FLORHAM PARK REHABILITATION AND HEALTHCARE CENTER,FLORHAM PARK,Morris,NJ,5.0,5.0,3.18453,0.9528301886792453,0,4.0,4.0
315072,Heath Village,HACKETTSTOWN,Morris,NJ,5.0,3.0,5.02109,0.8898148148148147,0,13.0,8.0
315249,LINCOLN PARK CARE CENTER,LINCOLN PARK,Morris,NJ,4.0,,3.73655,0.9712979890310786,0,34.0,28.0
315042,LINCOLN PARK RENAISSANCE,LINCOLN PARK,Morris,NJ,3.0,5.0,3.31192,0.9354497354497355,0,45.0,44.0
315053,PINE ACRES REHABILITATION AND HEALTHCARE,MADISON,Morris,NJ,4.0,4.0,3.705,0.8137254901960784,0,20.0,16.0
315143,HOLLY MANOR CENTER,MENDHAM,Morris,NJ,2.0,5.0,3.25533,0.6959677419354838,0,78.0,76.0
315488,CareOne At Madison Avenue,MORRISTOWN,Morris,NJ,2.0,5.0,3.87486,0.5870786516853933,0,87.0,112.0
315303,MORRIS VIEW HEALTHCARE CENTER,MORRISTOWN,Morris,NJ,1.0,5.0,4.19872,0.8911660777385159,0,134.75,96.0
315157,MORRISTOWN POST ACUTE REHAB AND NURSING CENTER,MORRISTOWN,Morris,NJ,2.0,5.0,4.10591,0.6979094076655052,0,63.0,60.0
315138,TROY HILLS CENTER,PARSIPPANY,Morris,NJ,1.0,3.0,3.39043,0.6453846153846154,0,234.0,132.0
315468,CAREONE AT PARSIPPANY,PARSIPPANY TROY HILL,Morris,NJ,4.0,4.0,3.07058,0.7254237288135593,0,33.0,36.0
315491,CEDAR CREST/MOUNTAINVIEW GARDENS,POMPTON PLAINS,Morris,NJ,1.0,5.0,4.62506,0.9672566371681416,1,109.25,135.0
315057,MERRY HEART NURSING HOME,SUCCASUNNA,Morris,NJ,4.0,5.0,4.09869,0.8495575221238938,0,22.0,20.0
315511,CareOne At Hanover Township,WHIPPANY,Morris,NJ,2.0,5.0,3.86201,0.75,0,78.75,40.0
315222,BARNEGAT REHABILITATION AND NURSING CENTER,BARNEGAT,Ocean,NJ,2.0,3.0,3.72191,0.8356521739130435,1,38.0,28.0
315125,CRYSTAL LAKE HEALTHCARE AND REHABILITATION,BAYVILLE,Ocean,NJ,,,5.16623,0.816595744680851,1,349.75,225.0
315462,TALLWOODS CARE CENTER,BAYVILLE,Ocean,NJ,3.0,4.0,3.32879,0.7966666666666667,0,59.0,60.0
315342,COMPLETE CARE AT BRICK LLC,BRICK,Ocean,NJ,3.0,4.0,4.01033,0.5598540145985401,0,55.0,40.0
315274,"COMPLETE CARE AT LAURELTON, LLC",BRICK,Ocean,NJ,2.0,4.0,3.75627,0.5577777777777778,0,102.0,40.0
315453,COMPLETE CARE AT SHORROCK,BRICK,Ocean,NJ,2.0,4.0,3.30482,0.9294444444444445,0,93.5,64.0
315213,WILLOW SPRINGS REHABILITATION AND HEALTHCARE CTR,BRICK,Ocean,NJ,4.0,4.0,3.24592,0.8804878048780488,0,36.0,28.0
315288,BARTLEY NURSING & REHAB,JACKSON,Ocean,NJ,4.0,5.0,3.4828,0.9055555555555556,0,20.0,16.0
315115,ATLANTIC COAST REHAB & HEALTH,LAKEWOOD,Ocean,NJ,3.0,,3.38609,0.8412499999999999,0,42.0,48.0
315275,CONCORD HEALTHCARE & REHABILITATION CENTER,LAKEWOOD,Ocean,NJ,4.0,4.0,3.96232,0.7933333333333333,0,16.0,16.0
315327,FOUNTAINVIEW CARE CENTER,LAKEWOOD,Ocean,NJ,1.0,5.0,3.81908,0.7308943089430895,1,111.25,135.0
315262,HARROGATE,LAKEWOOD,Ocean,NJ,4.0,5.0,4.95623,0.8897058823529411,0,30.0,36.0
315190,LEISURE CHATEAU REHABILITATION,LAKEWOOD,Ocean,NJ,4.0,4.0,4.2356,0.759090909090909,0,24.0,16.0
315456,MYSTIC MEADOWS REHABILITATION AND NURSING CENTER,LITTLE EGG HARBOR TW,Ocean,NJ,4.0,3.0,3.91351,0.7946153846153846,0,24.0,28.0
315218,SEACREST REHABILITATION AND HEALTHCARE CENTER,LITTLE EGG HARBOR TW,Ocean,NJ,2.0,5.0,3.22317,0.895906432748538,0,71.0,84.0
315206,MANAHAWKIN HEALTH AND REHABILITATION CENTER,MANAHAWKIN,Ocean,NJ,1.0,1.0,4.16937,0.935,0,199.25,227.0
315332,SOUTHERN OCEAN CENTER,MANAHAWKIN,Ocean,NJ,4.0,4.0,3.42879,0.8911764705882353,0,36.0,36.0
315196,ARISTACARE AT MANCHESTER,MANCHESTER,Ocean,NJ,4.0,4.0,3.77221,0.8678787878787878,0,38.0,28.0
315135,CREST POINTE REHABILITATION AND HEALTHCARE CENTER,PT PLEASANT,Ocean,NJ,1.0,1.0,3.52429,0.8449152542372882,0,108.25,52.0
315443,CHILDRENS SPECIALIZED HOSPITAL TOMS RIVER,TOMS RIVER,Ocean,NJ,4.0,,5.85892,0.5769230769230769,0,19.0,20.0
315490,COMMUNITY MEDICAL CENTER TCU,TOMS RIVER,Ocean,NJ,5.0,4.0,6.25832,0.836,0,16.0,16.0
315333,COMPLETE CARE AT ARBORS,TOMS RIVER,Ocean,NJ,3.0,5.0,2.86936,0.865,0,41.0,44.0
315264,"COMPLETE CARE AT BEY LEA, LLC",TOMS RIVER,Ocean,NJ,4.0,4.0,3.0543,0.8049999999999999,0,28.0,32.0
315265,COMPLETE CARE AT GREEN ACRES,TOMS RIVER,Ocean,NJ,5.0,5.0,3.27488,0.944311377245509,0,15.0,8.0
315320,COMPLETE CARE AT HOLIDAY CITY,TOMS RIVER,Ocean,NJ,3.0,4.0,3.1443,0.7844444444444444,0,40.0,28.0
315312,Hampton Ridge Healthcare and Rehabilitation,TOMS RIVER,Ocean,NJ,5.0,4.0,3.10627,0.9735294117647059,0,8.0,4.0
315421,ROSE GARDEN NURSING AND REHABILITATION CENTER,TOMS RIVER,Ocean,NJ,2.0,3.0,3.59409,0.91875,1,76.0,88.0
315454,SHORE GARDENS REHABILITATION AND NURSING CENTER,TOMS RIVER,Ocean,NJ,1.0,2.0,4.2628,0.9449664429530202,0,136.75,128.0
315309,ARISTACARE AT WHITING,WHITING,Ocean,NJ,1.0,5.0,3.39702,0.7427777777777778,0,203.25,243.0
315298,CRESTWOOD MANOR,WHITING,Ocean,NJ,4.0,5.0,4.25845,0.7953125,0,23.0,20.0
315347,HAMILTON PLACE AT THE PINES AT WHITING,WHITING,Ocean,NJ,3.0,2.0,3.98273,0.7893939393939394,0,44.0,52.0
315293,WHITING GARDENS REHABILITATION AND NURSING CENTER,WHITING,Ocean,NJ,1.0,2.0,3.50737,0.9055,1,251.0,226.0
315348,HEALTH CENTER AT BLOOMINGDALE,BLOOMINGDALE,Passaic,NJ,4.0,4.0,3.79608,0.8566666666666667,0,32.0,20.0
315021,ATLAS HEALTHCARE AT DAUGHTERS OF MIRIAM,CLIFTON,Passaic,NJ,2.0,5.0,3.29818,0.9257142857142857,0,86.5,84.0
315261,LAKELAND NURSING & REHAB,HASKELL,Passaic,NJ,3.0,4.0,,0.6756218905472637,0,53.0,64.0
315229,Phoenix Center for Rehabilitation and Pediatrics,HASKELL,Passaic,NJ,3.0,2.0,2.81788,0.9171806167400881,0,49.0,44.0
315531,HOLLAND CHRISTIAN HOME ASSOCIATION,NORTH HALEDON,Passaic,NJ,,,,,0,,
315085,COMPLETE CARE AT CHESTNUT HILL LLC,PASSAIC,Passaic,NJ,1.0,3.0,3.12677,0.9405405405405406,0,316.5,402.0
315221,"COMPLETE CARE AT HAMILTON, LLC",PASSAIC,Passaic,NJ,2.0,2.0,3.84048,0.8674999999999999,0,62.0,32.0
315507,"Barnert Subacute Rehabilitation Center, Llc",PATERSON,Passaic,NJ,4.0,1.0,4.12586,0.9102941176470588,0,33.0,40.0
315331,COMPLETE CARE AT FAIR LAWN EDGE,PATERSON,Passaic,NJ,3.0,1.0,3.8738,0.9705555555555555,0,46.75,28.0
315096,"DOCTORS SUBACUTE HEALTHCARE, LLC",PATERSON,Passaic,NJ,4.0,3.0,3.90475,0.8481481481481481,0,25.0,24.0
315234,ARBOR RIDGE REHABILITATION AND HEALTHCARE CENTER,WAYNE,Passaic,NJ,3.0,5.0,3.45094,0.885,0,37.0,44.0
315335,Alps at Wayne Rehab & Care Center,WAYNE,Passaic,NJ,3.0,3.0,4.09179,0.6803827751196172,0,52.75,32.0
315291,Avalon Rehab and Care Center,WAYNE,Passaic,NJ,4.0,,3.39379,0.9052941176470588,0,27.0,24.0
315477,CAREONE AT WAYNE,WAYNE,Passaic,NJ,5.0,5.0,3.19842,0.8267326732673267,0,12.0,16.0
315110,COMPLETE CARE AT WAYNE HILLS REHAB & RESP CENTER,WAYNE,Passaic,NJ,3.0,1.0,2.42763,0.8725,0,57.0,60.0
315103,EXCEL CARE AT WAYNE,WAYNE,Passaic,NJ,5.0,4.0,2.79297,0.855,0,18.0,20.0
315142,LLANFAIR HOUSE CARE & REHABILITATION CENTER,WAYNE,Passaic,NJ,2.0,2.0,3.88164,0.5616666666666666,0,76.0,84.0
315361,Preakness Healthcare Center,WAYNE,Passaic,NJ,2.0,1.0,4.16127,0.6950738916256157,0,101.75,88.0
315276,COMPLETE CARE AT MILFORD MANOR LLC,WEST MILFORD,Passaic,NJ,2.0,3.0,3.555,0.8741666666666668,0,81.0,92.0
315356,SKILLED NURSING AT FELLOWSHIP VILLAGE,BASKING RIDGE,Somerset,NJ,5.0,4.0,5.73695,0.8805970149253731,0,1.0,0.0
315002,CAREONE AT SOMERSET VALLEY,BOUND BROOK,Somerset,NJ,3.0,5.0,2.86409,0.73125,0,47.0,60.0
315182,BRIDGEWAY CARE AND REHAB CENTER AT BRIDGEWATER,BRIDGEWATER,Somerset,NJ,2.0,4.0,4.25392,0.9198675496688742,1,76.25,87.0
315134,COMPLETE CARE AT GREEN KNOLL,BRIDGEWATER,Somerset,NJ,3.0,5.0,3.11118,0.8409090909090909,0,51.75,36.0
315419,N J EASTERN STAR HOME,BRIDGEWATER,Somerset,NJ,4.0,5.0,4.39224,0.8841463414634146,0,19.0,16.0
315445,The Arbor at Laurel Circle,BRIDGEWATER,Somerset,NJ,2.0,5.0,4.47977,0.653125,0,74.0,72.0
315141,ABINGDON CARE & REHABILITATION CENTER,GREEN BROOK,Somerset,NJ,1.0,5.0,3.75908,0.5755555555555555,0,159.0,108.0
315510,BRIDGEWAY CARE AND REHAB CENTER AT HILLSBOROUGH,HILLSBOROUGH,Somerset,NJ,2.0,3.0,4.0675,0.961111111111111,0,67.0,76.0
315425,FOOTHILL ACRES REHABILITATION & NURSING CENTER,HILLSBOROUGH,Somerset,NJ,2.0,4.0,4.31618,0.8140000000000001,0,75.0,96.0
315140,WATERFRONT REHABILITATION AND HEALTHCARE CENTER,RARITAN,Somerset,NJ,4.0,5.0,3.39691,0.9608695652173913,0,34.0,12.0
315486,STONEBRIDGE AT MONTGOMERY HEALTH CARE CENTER,SKILLMAN,Somerset,NJ,2.0,5.0,3.74527,1.088,0,94.0,124.0
315253,"PARKER AT SOMERSET, INC",SOMERSET,Somerset,NJ,5.0,4.0,6.44281,0.9333333333333333,0,15.0,20.0
315367,REGENCY HERITAGE NURSING AND REHABILITATION CENTER,SOMERSET,Somerset,NJ,4.0,5.0,3.63835,0.7120754716981131,0,20.0,24.0
315520,SOMERSET WOODS REHABILITATION & NURSING CENTER,SOMERSET,Somerset,NJ,1.0,4.0,3.7925,0.7398648648648649,1,242.25,319.0
315337,MCAULEY HALL HEALTH CARE CENTE,WATCHUNG,Somerset,NJ,4.0,4.0,,0.8972972972972973,0,37.0,20.0
315044,MOHAWK MEADOWS,LAFAYETTE,Sussex,NJ,1.0,4.0,3.18665,0.9289308176100628,0,176.5,44.0
315137,COMPLETE CARE AT BARN HILL,NEWTON,Sussex,NJ,4.0,5.0,3.30523,0.8714285714285713,0,29.0,20.0
315378,HOMESTEAD REHABILITATION & HEALTH CARE CENTER,NEWTON,Sussex,NJ,1.0,5.0,3.24457,0.42265625,0,193.5,200.0
315439,UNITED METHODIST COMMUNITIES AT BRISTOL GLEN,NEWTON,Sussex,NJ,4.0,3.0,3.96529,0.8883333333333333,0,22.0,28.0
315409,VALLEY VIEW REHABILITATION AND HEALTHCARE CTR,NEWTON,Sussex,NJ,1.0,5.0,4.69156,0.5645161290322581,0,148.0,176.0
315195,AUTUMN LAKE HEALTHCARE AT BERKELEY HEIGHTS,BERKELEY HEIGHTS,Union,NJ,3.0,5.0,3.66637,0.8584615384615384,0,57.0,16.0
315009,RUNNELLS CENTER FOR REHABILITATION & HEALTHCARE,BERKELEY HEIGHTS,Union,NJ,4.0,4.0,5.20776,0.8193333333333334,0,32.0,32.0
315341,COMPLETE CARE AT CLARK LLC,CLARK,Union,NJ,4.0,5.0,3.19765,0.9285714285714286,0,33.0,24.0
315091,BIRCHWOOD REHABILITATION AND HEALTHCARE CENTER,CRANFORD,Union,NJ,4.0,4.0,3.36048,0.9125,0,31.0,20.0
315390,CRANFORD PARK CARE,CRANFORD,Union,NJ,2.0,3.0,,0.6970000000000001,0,95.0,112.0
315106,ELIZABETH NURSING AND REHAB,ELIZABETH,Union,NJ,4.0,4.0,3.84141,0.8862745098039216,0,20.0,24.0
315010,ELMORA HILLS HEALTH & REHABILITATION CENTER,ELIZABETH,Union,NJ,2.0,3.0,3.3614,0.9490000000000001,0,82.0,96.0
315483,Plaza Healthcare & Rehabilitation Center,ELIZABETH,Union,NJ,4.0,5.0,4.23402,0.70703125,0,18.0,16.0
315442,TRINITAS HOSPITAL,ELIZABETH,Union,NJ,3.0,2.0,4.44802,0.7266129032258064,0,38.0,48.0
315200,ARISTACARE AT PARKSIDE,LINDEN,Union,NJ,2.0,4.0,3.04369,0.8233333333333334,0,58.0,64.0
315239,CHILDRENS SPECIALIZED HOSPITAL MOUNTAINSIDE,MOUNTAINSIDE,Union,NJ,4.0,,3.57117,0.8222222222222222,0,24.0,20.0
315259,MOUNTAINSIDE SKILLED NURSING AND REHAB,MOUNTAINSIDE,Union,NJ,1.0,5.0,3.41958,0.8947019867549668,1,143.25,175.0
315523,CONTINUING CARE AT LANTERN HILL,NEW PROVIDENCE,Union,NJ,2.0,3.0,5.47677,0.96,0,83.25,111.0
315005,SPRING GROVE REHABILITATION AND HEALTHCARE CENTER,NEW PROVIDENCE,Union,NJ,3.0,4.0,3.41581,0.9311320754716982,0,56.0,60.0
315217,ARISTACARE AT NORWOOD TERRACE,PLAINFIELD,Union,NJ,4.0,5.0,3.58557,0.7741666666666667,0,18.0,16.0
315101,COMPLETE CARE AT PLAINFIELD LLC,PLAINFIELD,Union,NJ,4.0,5.0,3.27586,0.960377358490566,0,17.0,8.0
315273,COMPLETE CARE AT WOODLANDS,PLAINFIELD,Union,NJ,4.0,5.0,3.72782,0.89,0,19.0,8.0
315198,ADROIT CARE REHABILITATION AND NURSING CENTER,RAHWAY,Union,NJ,3.0,5.0,3.26812,0.9401639344262296,0,50.0,56.0
315146,CARE CONNECTION RAHWAY,RAHWAY,Union,NJ,5.0,5.0,4.75243,0.9583333333333334,0,3.0,4.0
315064,ASHBROOK CARE & REHABILITATION CENTER,SCOTCH PLAINS,Union,NJ,1.0,3.0,3.84247,0.6543859649122806,0,112.0,108.0
315104,CORNELL HALL CARE & REHABILITATION CENTER,UNION,Union,NJ,2.0,4.0,3.23378,0.6468926553672316,0,66.0,20.0
315283,SOUTH MOUNTAIN HC,VAUXHALL,Union,NJ,2.0,4.0,3.46208,0.9507692307692308,0,71.0,72.0
315122,"COMPLETE CARE AT WESTFIELD, LLC",WESTFIELD,Union,NJ,2.0,5.0,3.50922,0.8674008810572688,0,62.75,20.0
335583,ARCHCARE AT PROVIDENCE REST,BRONX,Bronx,NY,5.0,5.0,2.81028,0.9734999999999999,0,9.0,0.0
335373,BAINBRIDGE NURSING & REHABILITATION CENTER,BRONX,Bronx,NY,4.0,5.0,3.3599,0.966,0,14.0,16.0
335201,BETH ABRAHAM CENTER FOR REHABILITATION AND NURSING,BRONX,Bronx,NY,2.0,3.0,3.78118,0.9591517857142857,0,47.0,56.0
335506,BRONX CENTER FOR REHABILITATION & HEALTH CARE,BRONX,Bronx,NY,4.0,4.0,3.36845,0.9790000000000001,0,17.0,16.0
335775,BRONX GARDENS REHABILITATION AND NURSING CENTER,BRONX,Bronx,NY,2.0,5.0,2.77672,0.9748743718592965,0,47.0,56.0
335358,BRONX PARK REHABILITATION & NURSING CENTER,BRONX,Bronx,NY,4.0,3.0,2.88193,0.9600000000000001,0,16.0,20.0
335753,BRONXCARE SPECIAL CARE CENTER,BRONX,Bronx,NY,4.0,3.0,3.15333,0.9404166666666666,0,22.0,16.0
335780,CASA PROMESA,BRONX,Bronx,NY,1.0,,6.07701,0.7861111111111112,0,100.25,111.0
335493,CONCOURSE REHABILITATION AND NURSING CENTER INC,BRONX,Bronx,NY,2.0,2.0,2.63627,0.96875,0,45.0,60.0
335723,EAST HAVEN NURSING & REHABILITATION CENTER,BRONX,Bronx,NY,2.0,3.0,2.94665,0.9555,0,60.0,68.0
335214,EASTCHESTER REHABILITATION AND HEALTH CARE CENTER,BRONX,Bronx,NY,5.0,4.0,,0.9235,0,10.0,8.0
335659,FORDHAM NURSING AND REHABILITATION CENTER,BRONX,Bronx,NY,3.0,3.0,2.61371,0.9600000000000001,0,23.0,28.0
335079,GOLD CREST CARE CENTER,BRONX,Bronx,NY,4.0,3.0,3.98636,0.9474285714285715,0,22.0,20.0
335744,GRAND MANOR NURSING & REHABILITATION CENTER,BRONX,Bronx,NY,,,3.27297,0.8216666666666667,0,335.75,108.0
335751,HIGHBRIDGE WOODYCREST CENTER,BRONX,Bronx,NY,4.0,4.0,4.06822,0.9688888888888889,0,14.0,12.0
335725,HOPE CENTER FOR H I V AND NURSING CARE,BRONX,Bronx,NY,1.0,,3.70274,0.9696969696969697,0,84.0,84.0
335187,HUDSON POINTE AT RIVERDALE CTR FOR NURSING & REHAB,BRONX,Bronx,NY,2.0,2.0,3.18862,0.9239520958083833,0,55.25,16.0
335644,KINGS HARBOR MULTICARE CENTER,BRONX,Bronx,NY,4.0,3.0,3.27997,0.8619444444444445,0,17.0,4.0
335388,LACONIA NURSING HOME,BRONX,Bronx,NY,2.0,5.0,3.04896,0.9791666666666666,0,62.0,80.0
335524,METHODIST HOME FOR NURSING AND REHABILITATION,BRONX,Bronx,NY,5.0,5.0,3.31015,0.9,0,6.0,4.0
335484,MORNINGSIDE NURSING AND REHABILITATION CENTER,BRONX,Bronx,NY,2.0,4.0,2.85728,0.7860103626943005,0,46.0,52.0
335347,MORRIS PARK REHABILITATION AND NURSING CENTER,BRONX,Bronx,NY,2.0,4.0,3.06605,0.9387434554973823,0,47.0,32.0
335030,MOSHOLU PARKWAY NURSING & REHABILITATION CENTER,BRONX,Bronx,NY,1.0,5.0,3.28412,0.9606557377049181,0,76.0,84.0
335695,Manhattanville Health Care Center,BRONX,Bronx,NY,4.0,5.0,2.6409,0.938,0,25.0,20.0
335096,NEW RIVERDALE REHAB AND NURSING,BRONX,Bronx,NY,2.0,3.0,3.08241,0.954109589041096,1,58.0,68.0
335486,PELHAM PARKWAY NURSING CARE & REHAB FACILITY L L C,BRONX,Bronx,NY,3.0,4.0,2.79298,0.9355,0,31.0,28.0
335581,PINNACLE MULTICARE NURSING AND REHAB CENTER,BRONX,Bronx,NY,3.0,4.0,3.24746,0.9760416666666667,0,40.0,40.0
335028,PRESTIGE NURSING CARE & REHAB CENTER,BRONX,Bronx,NY,4.0,,2.81013,0.90125,0,17.0,12.0
335557,REBEKAH REHAB AND EXTENDED CARE CENTER,BRONX,Bronx,NY,2.0,4.0,2.89649,0.956338028169014,0,50.0,56.0
335019,REGEIS CARE CENTER,BRONX,Bronx,NY,4.0,4.0,3.77794,0.9207627118644068,0,14.0,12.0
335015,SCHERVIER NURSING CARE CENTER,BRONX,Bronx,NY,2.0,5.0,3.08662,0.9743169398907104,0,44.0,24.0
335321,SPLIT ROCK REHABILITION AND HEALTH CARE CENTER,BRONX,Bronx,NY,4.0,5.0,2.74712,0.9333333333333333,0,16.0,20.0
335011,ST PATRICKS HOME,BRONX,Bronx,NY,3.0,5.0,2.86143,0.9799242424242424,0,31.0,24.0
335763,ST VINCENT DEPAUL RESIDENCE,BRONX,Bronx,NY,2.0,3.0,,0.3865,0,56.0,56.0
335462,THE PLAZA REHAB AND NURSING CENTER,BRONX,Bronx,NY,4.0,3.0,2.97317,0.8954656862745098,0,25.0,28.0
335771,THROGS NECK EXTENDED CARE FACILITY,BRONX,Bronx,NY,4.0,5.0,,0.9653658536585367,0,25.0,20.0
335445,TRIBORO CENTER FOR REHABILITATION AND NURSING,BRONX,Bronx,NY,3.0,4.0,2.63204,0.7664077669902912,0,25.0,16.0
335061,UNIVERSITY CENTER FOR REHABILITATION AND NURSING,BRONX,Bronx,NY,3.0,4.0,3.24687,0.9260869565217391,0,23.0,24.0
335495,WAYNE CENTER FOR NURSING & REHABILITATION,BRONX,Bronx,NY,3.0,3.0,2.62317,0.9761316872427983,0,39.0,40.0
335048,WILLIAMSBRIDGE CENTER FOR REHABILITATION AND NRSG,BRONX,Bronx,NY,3.0,5.0,3.03688,0.9662337662337663,0,35.0,28.0
335227,WORKMENS CIRCLE MULTICARE CENTER,BRONX,Bronx,NY,5.0,3.0,2.90439,0.9809160305343512,0,11.0,8.0
335020,HEBREW HOME FOR THE AGED AT RIVERDALE,RIVERDALE,Bronx,NY,5.0,5.0,3.27139,0.43202846975088965,0,10.0,0.0
335248,INDEPENDENCE CARE CENTER FOR NURSING AND REHABILIT,RIVERDALE,Bronx,NY,2.0,2.0,4.15327,0.8363157894736842,0,48.0,36.0
335287,PARK GARDENS REHABILITATION & NURSING CENTER L L C,RIVERDALE,Bronx,NY,3.0,5.0,3.24468,0.938,0,25.0,16.0
335720,ATRIUM CENTER FOR REHABILITATION AND NURSING,BROOKLYN,Kings,NY,2.0,5.0,2.83855,0.9626315789473685,0,41.0,44.0
335626,BEDFORD CENTER FOR NURSING AND REHABILITATION,BROOKLYN,Kings,NY,4.0,4.0,3.45361,0.975,0,14.0,12.0
335558,BENSONHURST CENTER FOR REHAB AND HEALTHCARE,BROOKLYN,Kings,NY,4.0,5.0,2.64696,0.9790000000000001,0,16.0,20.0
335470,BORO PARK CENTER FOR REHABILITATION AND HEALTHCARE,BROOKLYN,Kings,NY,2.0,4.0,3.10723,0.9545098039215687,0,39.0,36.0
335178,BROOKLYN CTR FOR REHAB AND RESIDENTIAL HEALTH CARE,BROOKLYN,Kings,NY,2.0,3.0,2.87276,0.9697508896797153,0,49.0,44.0
335070,BROOKLYN GARDENS NURSING & REHABILITATION CENTER,BROOKLYN,Kings,NY,2.0,2.0,3.1979,0.9595833333333333,0,45.0,36.0
335604,BROOKLYN UNITED METHODIST CHURCH HOME,BROOKLYN,Kings,NY,2.0,,3.11828,0.9758333333333333,0,71.0,40.0
335637,BROOKLYN-QUEENS NURSING HOME,BROOKLYN,Kings,NY,2.0,2.0,,0.9735714285714286,0,59.25,20.0
335826,BUENA VIDA REHAB AND NURSING CENTER,BROOKLYN,Kings,NY,5.0,4.0,2.75176,0.95625,0,7.0,0.0
335703,BUSHWICK CENTER FOR REHABILITATION AND HEALTH CARE,BROOKLYN,Kings,NY,1.0,3.0,3.24858,0.9817777777777777,0,67.0,80.0
335245,"CATON PARK REHAB AND NURSING CENTER, L L C",BROOKLYN,Kings,NY,4.0,1.0,2.5718,0.9773109243697479,0,22.0,16.0
335174,COBBLE HILL HEALTH CENTER INC,BROOKLYN,Kings,NY,3.0,5.0,3.48029,0.9837912087912088,0,27.0,28.0
335538,CONCORD NURSING AND REHABILITATION CENTER,BROOKLYN,Kings,NY,4.0,2.0,2.65876,0.9799999999999999,0,20.0,20.0
335609,CROWN HEIGHTS CENTER FOR NURSING AND REHAB,BROOKLYN,Kings,NY,2.0,4.0,3.22466,0.9705084745762712,0,57.0,64.0
335648,DITMAS PARK CARE CENTER,BROOKLYN,Kings,NY,4.0,5.0,3.38071,0.971,0,11.0,8.0
335625,DOWNTOWN BROOKLYN NURSING & REHABILITATION CENTER,BROOKLYN,Kings,NY,4.0,4.0,2.73867,0.9678125,0,22.0,20.0
335805,DR SUSAN SMITH MCKINNEY NURSING AND REHAB CENTER,BROOKLYN,Kings,NY,5.0,4.0,4.80739,0.9690625,0,6.0,8.0
335673,FOUR SEASONS NURSING AND REHABILITATION CENTER,BROOKLYN,Kings,NY,3.0,5.0,2.64142,0.9474074074074075,0,32.0,24.0
335710,HAMILTON PARK NURSING AND REHABILITATION CENTER,BROOKLYN,Kings,NY,3.0,5.0,3.21951,0.9834999999999999,0,33.0,40.0
335656,HAYM SOLOMON HOME FOR THE AGED,BROOKLYN,Kings,NY,4.0,5.0,3.6848,0.9745833333333334,0,20.0,8.0
335847,HOPKINS CENTER FOR REHABILITATION AND HEALTHCARE,BROOKLYN,Kings,NY,5.0,5.0,2.94656,0.9937499999999999,0,10.0,4.0
335545,KING DAVID CENTER FOR NURSING AND REHABILITATION,BROOKLYN,Kings,NY,3.0,4.0,3.42017,0.9697416974169742,0,38.0,44.0
335811,LINDEN CENTER FOR NURSING AND REHABILITATION,BROOKLYN,Kings,NY,4.0,4.0,3.76939,0.9828571428571428,0,21.0,24.0
335653,MENORAH HOME & HOSPITAL FOR AGED & INFIRM,BROOKLYN,Kings,NY,1.0,5.0,3.43351,0.9731651376146789,0,80.0,84.0
335131,"NEW CARLTON REHAB AND NURSING CENTER, L L C",BROOKLYN,Kings,NY,3.0,5.0,3.55597,0.8418918918918918,0,35.0,44.0
335523,NORWEGIAN CHRISTIAN HOME AND HEALTH CENTER,BROOKLYN,Kings,NY,4.0,5.0,3.34307,0.9622222222222223,0,12.0,12.0
335163,OXFORD NURSING HOME,BROOKLYN,Kings,NY,4.0,3.0,4.05152,0.8565957446808511,0,17.0,12.0
335328,PALM GARDENS CENTER FOR NURSING AND REHABILITATION,BROOKLYN,Kings,NY,3.0,1.0,2.82024,0.9633333333333333,0,34.0,28.0
335537,"RUTLAND NURSING HOME, INC",BROOKLYN,Kings,NY,1.0,5.0,3.97797,0.8252788104089219,1,96.0,120.0
335748,SAINTS JOACHIM & ANNE NURSING AND REHAB CENTER,BROOKLYN,Kings,NY,4.0,5.0,2.85604,0.9484999999999999,0,15.0,8.0
335381,SCHULMAN AND SCHACHNE INST FOR NURSING & REHAB,BROOKLYN,Kings,NY,2.0,3.0,3.97546,0.8613839285714285,0,59.0,56.0
335411,SEA CREST NURSING AND REHABILITATION CENTER,BROOKLYN,Kings,NY,4.0,4.0,2.88975,0.898125,0,13.0,8.0
335513,SEAGATE REHABILITATION AND NURSING CENTER,BROOKLYN,Kings,NY,1.0,5.0,2.44081,0.9741666666666666,1,110.75,145.0
335677,SHEEPSHEAD NURSING & REHABILITATION CENTER,BROOKLYN,Kings,NY,2.0,3.0,3.13097,0.95,0,39.0,48.0
335288,SHORE VIEW NURSING  & REHABILITATION CENTER,BROOKLYN,Kings,NY,5.0,5.0,2.86309,0.8884375,0,3.0,4.0
335125,SPRING CREEK REHABILITATION & NURSING CARE CENTER,BROOKLYN,Kings,NY,3.0,4.0,2.8013,1.0305555555555554,0,38.0,40.0
335290,THE CHATEAU AT BROOKLYN REHAB AND NURSING CENTER,BROOKLYN,Kings,NY,4.0,5.0,2.45673,0.9592592592592594,0,15.0,8.0
335104,THE HERITAGE REHABILITATION AND HEALTH CARE CENTER,BROOKLYN,Kings,NY,5.0,4.0,2.9674,0.9518987341772153,0,7.0,8.0
335560,THE MONARCH AT BROOKLYN REHAB AND NURSING CENTER,BROOKLYN,Kings,NY,4.0,5.0,2.87168,0.9784999999999999,0,23.0,16.0
335516,THE PHOENIX REHABILITATION AND NURSING CENTER,BROOKLYN,Kings,NY,4.0,5.0,2.60423,0.9782500000000001,0,11.0,12.0
335140,BELAIR CARE CENTER INC,BELLMORE,Nassau,NY,4.0,5.0,3.20056,0.9529411764705883,0,20.0,20.0
335161,DALEVIEW CARE CENTER,EAST FARMINGDALE,Nassau,NY,3.0,5.0,3.04335,0.8577464788732394,0,33.0,28.0
335831,FULTON COMMONS CARE CENTER INC,EAST MEADOW,Nassau,NY,2.0,3.0,3.34719,0.9732142857142857,0,39.0,32.0
335817,GARDEN CARE CENTER,FRANKLIN SQUARE,Nassau,NY,3.0,5.0,2.69123,0.9486666666666668,0,35.0,28.0
335796,MEADOWBROOK CARE CENTER,FREEPORT,Nassau,NY,4.0,5.0,2.94303,0.9546428571428572,0,14.0,12.0
335156,SOUTH SHORE REHABILITATION AND NURSING CENTER,FREEPORT,Nassau,NY,2.0,5.0,2.85124,0.9159999999999999,0,53.0,52.0
335141,EMERGE NURSING AND REHABILITATION AT GLEN COVE,GLEN COVE,Nassau,NY,5.0,5.0,3.11529,0.8833333333333333,0,10.0,8.0
335716,GLEN COVE CENTER FOR NURSING AND REHABILITATION,GLEN COVE,Nassau,NY,3.0,5.0,3.14911,0.9279220779220779,0,27.0,28.0
335211,GLENGARIFF HEALTH CARE CENTER,GLEN COVE,Nassau,NY,2.0,5.0,2.63215,0.8908396946564886,0,54.0,52.0
335250,HIGHFIELD GARDENS CARE CENTER OF GREAT NECK,GREAT NECK,Nassau,NY,3.0,5.0,3.87402,0.9904999999999999,0,36.0,40.0
335483,THE GRAND REHABILITATION AND NURSING AT GREAT NECK,GREAT NECK,Nassau,NY,1.0,5.0,2.82288,0.9677570093457943,0,71.5,28.0
335808,HEMPSTEAD PARK NURSING HOME,HEMPSTEAD,Nassau,NY,2.0,1.0,3.00923,0.9282868525896414,1,64.75,48.0
335279,MAYFAIR CARE CENTER,HEMPSTEAD,Nassau,NY,2.0,1.0,3.06405,0.9525,0,49.0,44.0
335787,NASSAU REHABILITATION & NURSING CENTER,HEMPSTEAD,Nassau,NY,2.0,5.0,2.83129,1.01,0,53.5,66.0
335162,THE GRAND REHABILITATION AND NURSING AT SOUTH POIN,ISLAND PARK,Nassau,NY,2.0,1.0,3.03486,0.9643243243243244,0,44.0,48.0
335024,BEACH TERRACE CARE CENTER,LONG BEACH,Nassau,NY,3.0,1.0,3.03922,0.9642857142857143,0,34.0,40.0
335498,GRANDELL REHABILITATION AND NURSING CENTER,LONG BEACH,Nassau,NY,4.0,4.0,3.92713,0.9597122302158274,0,11.0,8.0
335432,LONG BEACH NURSING AND REHABILITATION CENTER,LONG BEACH,Nassau,NY,3.0,4.0,2.87931,0.6995,0,37.0,44.0
335819,PARK AVENUE EXTENDED CARE FACILITY,LONG BEACH,Nassau,NY,2.0,5.0,2.65457,0.9408333333333334,0,46.0,56.0
335160,LYNBROOK RESTORATIVE THERAPY AND NURSING,LYNBROOK,Nassau,NY,5.0,5.0,3.06258,0.875,0,9.0,12.0
335702,NORTHWELL HEALTH STERN FAMILY CENTER FOR REHAB,MANHASSET,Nassau,NY,3.0,5.0,4.37103,0.9390625,0,28.0,32.0
335074,"PARKVIEW CARE AND REHABILITATION CENTER, INC",MASSAPEQUA,Nassau,NY,4.0,2.0,2.76175,0.9201183431952663,0,20.0,20.0
335871,MOUNT SINAI SOUTH NASSAU T C U,OCEANSIDE,Nassau,NY,5.0,4.0,4.91269,0.8800000000000001,0,2.0,0.0
335158,OCEANSIDE CARE CENTER INC,OCEANSIDE,Nassau,NY,4.0,4.0,3.14849,0.991,0,22.0,16.0
335284,CENTRAL ISLAND HEALTHCARE,PLAINVIEW,Nassau,NY,3.0,5.0,2.97223,0.7658415841584157,0,31.0,32.0
335022,SANDS POINT CENTER FOR HEALTH AND REHABILITATION,PORT WASHINGTON,Nassau,NY,3.0,4.0,2.2133,0.7872222222222222,0,26.0,28.0
335747,"ROCKVILLE SKILLED NURSING & REHAB CENTER, L L C",ROCKVILLE CENTRE,Nassau,NY,4.0,5.0,2.87791,0.9424242424242425,0,15.0,16.0
335297,THE GRAND PAVILION FOR RHB & NRSG AT ROCKVILLE CTR,ROCKVILLE CENTRE,Nassau,NY,2.0,4.0,2.60842,0.9727848101265822,0,53.0,56.0
335559,SUNHARBOR MANOR,ROSLYN HEIGHTS,Nassau,NY,2.0,4.0,3.26098,0.9263157894736842,0,39.0,40.0
335023,A Holly Patterson Extended Care Facility,UNIONDALE,Nassau,NY,1.0,3.0,3.18885,0.7327674023769101,1,242.25,297.0
335798,TOWNHOUSE CENTER FOR REHABILITATION & NURSING,UNIONDALE,Nassau,NY,4.0,2.0,2.63972,0.9321428571428572,0,24.0,24.0
335700,NORTH SHORE - L I J ORZAC CTR FOR REHABILITATION,VALLEY STREAM,Nassau,NY,2.0,4.0,4.92626,0.9325,0,42.75,24.0
335231,"EXCEL AT WOODBURY FOR REHAB AND NURSING, L L C",WOODBURY,Nassau,NY,5.0,5.0,3.36226,0.8048780487804879,0,9.0,8.0
335690,WHITE OAKS REHABILITATION AND NURSING CENTER,WOODBURY,Nassau,NY,3.0,3.0,3.58398,0.887,0,35.0,32.0
335555,WOODBURY HEIGHTS NURSING AND REHABILITATION CENTER,WOODBURY,Nassau,NY,1.0,4.0,4.35052,0.35544554455445543,0,127.5,68.0
335718,THE FIVE TOWNS PREMIER REHAB & NURSING CENTER,WOODMERE,Nassau,NY,3.0,5.0,2.647,0.8023809523809524,0,38.0,40.0
335802,Glen Arden Inc,GOSHEN,New York,NY,1.0,4.0,5.26811,0.8400000000000001,0,83.0,108.0
335092,HENRY J CARTER SKILLED NURSING FACILITY,MANHATTAN,New York,NY,3.0,2.0,3.53966,0.9304878048780487,0,26.0,24.0
335570,AMSTERDAM NURSING HOME CORP (1992),NEW YORK,New York,NY,4.0,5.0,3.04737,0.9821515892420538,0,21.0,28.0
335257,FORT TRYON CENTER FOR REHABILITATION AND NURSING,NEW YORK,New York,NY,5.0,2.0,3.35088,0.9824390243902439,0,11.0,12.0
335522,"HARLEM CTR FOR NURSING AND REHABILITATION, L L C",NEW YORK,New York,NY,2.0,3.0,3.0708,0.9795,0,69.0,76.0
335100,ISABELLA GERIATRIC CENTER INC,NEW YORK,New York,NY,2.0,2.0,3.14462,0.9785815602836879,0,60.0,60.0
335050,MARY MANNING WALSH NURSING HOME CO INC,NEW YORK,New York,NY,4.0,5.0,3.18536,0.9469613259668509,0,18.0,20.0
335517,NEW EAST SIDE NURSING HOME,NEW YORK,New York,NY,5.0,3.0,3.3108,0.9396551724137931,0,6.0,0.0
335461,NEW GOUVERNEUR HOSPITAL S N F,NEW YORK,New York,NY,4.0,5.0,5.01635,0.9715254237288137,0,15.0,12.0
335792,NORTHERN MANHATTAN REHABILITATION AND NURSING CTR,NEW YORK,New York,NY,1.0,2.0,2.62816,0.9528125,1,80.0,80.0
335762,ST MARYS CENTER INC,NEW YORK,New York,NY,4.0,,5.04609,0.9179487179487179,0,12.0,12.0
335665,TERENCE CARDINAL COOKE HEALTH CARE CENTER,NEW YORK,New York,NY,3.0,4.0,3.44018,0.7823269513991165,0,26.0,24.0
335491,"THE NEW JEWISH HOME, MANHATTAN",NEW YORK,New York,NY,2.0,5.0,3.44503,0.7937743190661478,0,60.75,24.0
335334,THE RIVERSIDE,NEW YORK,New York,NY,4.0,5.0,2.4492,0.9492307692307693,0,25.0,12.0
335027,WEST VILLAGE REHABILITATION AND NURSING CENTER,NEW YORK,New York,NY,4.0,5.0,3.03023,0.9542857142857143,0,16.0,20.0
335232,UPPER EAST SIDE REHABILITATION AND NURSING CENTER,NEW YORK CITY,New York,NY,4.0,5.0,2.74732,0.9098196392785571,0,16.0,16.0
335063,COLER REHABILITATION AND NURSING CARE CENTER,ROOSEVELT ISLAND,New York,NY,4.0,3.0,5.03055,0.6092024539877301,0,16.0,4.0
335824,PUTNAM RIDGE,BREWSTER,Putnam,NY,1.0,3.0,3.37272,0.91375,0,124.0,144.0
335229,PUTNAM NURSING & REHABILITATION CENTER,HOLMES,Putnam,NY,2.0,2.0,2.92007,0.665625,1,66.0,84.0
335415,"LAWRENCE NURSING CARE CENTER, INC",ARVERNE,Queens,NY,1.0,3.0,2.1943,0.9915,0,109.0,128.0
335738,OCEAN GARDENS CARE CENTER,ARVERNE,Queens,NY,2.0,3.0,2.75716,0.9396428571428572,0,64.0,56.0
335199,RESORT NURSING HOME,ARVERNE,Queens,NY,4.0,3.0,3.67203,0.77,0,17.0,12.0
335838,NEW YORK CENTER FOR REHABILITATION & NURSING,ASTORIA,Queens,NY,4.0,4.0,3.50584,0.9621428571428571,0,12.0,16.0
335363,OZANAM HALL OF QUEENS NURSING HOME INC,BAYSIDE,Queens,NY,3.0,4.0,3.70705,0.8601851851851853,0,25.0,24.0
33A081,ST MARYS HOSPITAL FOR CHILDREN,BAYSIDE,Queens,NY,5.0,,,1.0024193548387097,0,9.0,4.0
335317,PARK TERRACE CARE CENTER,CORONA,Queens,NY,2.0,4.0,,0.9640000000000001,0,63.0,52.0
335814,ELMHURST CARE CENTER INC,EAST ELMHURST,Queens,NY,4.0,5.0,3.38561,0.9670833333333333,0,22.0,16.0
335682,BEACH GARDENS REHAB AND NURSING CENTER,FAR ROCKAWAY,Queens,NY,3.0,1.0,3.39307,0.9558282208588957,0,34.0,44.0
335666,BEZALEL REHABILITATION AND NURSING CENTER,FAR ROCKAWAY,Queens,NY,4.0,3.0,3.11568,0.9525,0,19.0,0.0
335582,BROOKHAVEN REHAB & HEALTH CARE CENTER L L C,FAR ROCKAWAY,Queens,NY,2.0,1.0,3.12009,0.9684563758389263,0,61.0,64.0
335044,FAR ROCKAWAY CENTER FOR REHABILITATION AND NURSING,FAR ROCKAWAY,Queens,NY,2.0,1.0,2.93146,0.972,0,49.0,56.0
335676,"HAVEN MANOR HEALTH CARE CENTER, L L C",FAR ROCKAWAY,Queens,NY,2.0,,1.86239,0.9033333333333334,0,45.0,44.0
335168,OCEANVIEW NURSING & REHABILITATION CARE CENTER,FAR ROCKAWAY,Queens,NY,2.0,4.0,2.46133,0.9568627450980391,0,45.0,40.0
335387,PENINSULA NURSING AND REHABILITATION CENTER,FAR ROCKAWAY,Queens,NY,1.0,4.0,2.74497,0.915,0,92.25,119.0
335165,PREMIER NSG & REHAB CENTER OF FAR ROCKAWAY,FAR ROCKAWAY,Queens,NY,3.0,3.0,2.59582,0.9540983606557377,0,32.0,28.0
335448,QUEENS NASSAU REHABILITATION AND NURSING CENTER,FAR ROCKAWAY,Queens,NY,2.0,2.0,3.38475,0.9745,0,45.75,24.0
335571,ROCKAWAY CARE CENTER,FAR ROCKAWAY,Queens,NY,1.0,1.0,2.95911,0.9035087719298246,0,112.25,143.0
335737,"WEST LAWRENCE CARE CENTER, L L C",FAR ROCKAWAY,Queens,NY,1.0,4.0,2.34458,0.7423255813953488,0,77.0,80.0
335349,CLIFFSIDE REHAB & RESIDENTIAL HEALTH CARE CENTER,FLUSHING,Queens,NY,4.0,3.0,3.53593,0.9197247706422018,0,19.0,20.0
335446,CYPRESS GARDEN CENTER FOR NURSING AND REHAB,FLUSHING,Queens,NY,4.0,5.0,2.53417,0.9762589928057553,0,23.0,28.0
335426,FRANKLIN CENTER FOR REHABILITATION AND NURSING,FLUSHING,Queens,NY,4.0,3.0,3.25496,0.974375,0,21.0,24.0
335294,LONG ISLAND CARE CENTER INC,FLUSHING,Queens,NY,4.0,5.0,3.00049,0.9540000000000001,0,25.0,20.0
335143,MEADOW PARK REHABILITATION AND HEALTH CENTER L L C,FLUSHING,Queens,NY,3.0,4.0,2.61594,0.9503703703703704,0,27.0,36.0
335379,REGO PARK NURSING HOME,FLUSHING,Queens,NY,3.0,3.0,2.41457,0.943,0,28.0,28.0
335133,SAPPHIRE CENTER FOR REHAB & NURSING,FLUSHING,Queens,NY,1.0,5.0,3.1025,0.9484581497797357,0,90.25,8.0
335804,THE PAVILION AT QUEENS FOR REHABILITATION & NRSING,FLUSHING,Queens,NY,2.0,5.0,2.68492,0.9562913907284769,0,59.0,68.0
335799,UNION PLAZA CARE CENTER,FLUSHING,Queens,NY,4.0,4.0,2.84309,0.9507142857142856,0,13.0,16.0
335154,WATERVIEW NURSING CARE CENTER,FLUSHING,Queens,NY,2.0,1.0,2.11094,0.884,0,57.0,60.0
335266,"WOODCREST REHAB & RESIDENTIAL H C CENTER, L L C",FLUSHING,Queens,NY,3.0,2.0,3.35837,0.9715,0,34.0,32.0
335146,FAIRVIEW NURSING CARE CENTER INC,FOREST HILLS,Queens,NY,3.0,5.0,3.3927,0.9854999999999999,0,36.0,32.0
335139,FOREST HILLS CARE CENTER,FOREST HILLS,Queens,NY,3.0,5.0,3.2674,0.884,0,26.0,20.0
335310,FOREST VIEW CENTER FOR REHABILITATION & NURSING,FOREST HILLS,Queens,NY,5.0,5.0,3.5702,0.9893750000000001,0,7.0,4.0
335299,"NEW GLEN OAKS NURSING HOME, INC",GLEN OAKS,Queens,NY,3.0,4.0,3.54788,0.9333333333333333,0,29.0,32.0
335333,HOLLIS PARK MANOR NURSING HOME,HOLLIS,Queens,NY,5.0,5.0,3.92634,0.95625,0,8.0,4.0
335503,HOLLISWOOD CTR FOR REHABILITATION AND HEALTHCARE,HOLLIS,Queens,NY,2.0,3.0,3.8475,0.9566878980891719,0,61.25,24.0
335820,REGAL HEIGHTS REHABILITATION AND HEALTH CARE CTR,JACKSON HEIGHTS,Queens,NY,3.0,5.0,3.19304,0.975,0,38.0,40.0
335631,CHAPIN HOME FOR THE AGING,JAMAICA,Queens,NY,5.0,5.0,3.91511,0.6195454545454546,0,7.0,8.0
335505,HIGHLAND CARE CENTER,JAMAICA,Queens,NY,4.0,3.0,2.90757,0.9596875,0,22.0,16.0
335856,JAMAICA HOSPITAL MEDICAL CENTER T C U,JAMAICA,Queens,NY,5.0,,,,0,0.0,0.0
335436,JAMAICA HOSPITAL NURSING HOME CO INC,JAMAICA,Queens,NY,4.0,5.0,3.60088,0.9712389380530974,0,13.0,0.0
335336,MARGARET TIETZ CENTER FOR NURSING CARE INC,JAMAICA,Queens,NY,5.0,5.0,2.59006,0.9590000000000001,0,6.0,0.0
335770,N Y S VETERANS HOME IN N Y C,JAMAICA,Queens,NY,4.0,4.0,4.86194,0.8696,0,22.0,20.0
335724,SILVERCREST,JAMAICA,Queens,NY,2.0,3.0,2.76658,0.938125,0,55.0,60.0
335531,HILLSIDE MANOR REHAB & EXTENDED CARE CENTER,JAMAICA EST,Queens,NY,2.0,4.0,3.39639,0.9159999999999999,0,61.5,24.0
335434,LITTLE NECK CARE CENTER,LITTLE NECK,Queens,NY,3.0,5.0,3.23009,0.9358333333333333,0,28.0,24.0
335472,CENTRAL QUEENS REHAB & NURSING CENTER,MASPETH,Queens,NY,3.0,3.0,3.04714,0.981,0,41.0,28.0
335416,DRY HARBOR NURSING HOME,MIDDLE VILLAGE,Queens,NY,4.0,5.0,3.60545,0.9524999999999999,0,18.0,16.0
335132,PARKER JEWISH INSTITUTE FOR HEALTH CARE & REHAB,NEW HYDE PARK,Queens,NY,5.0,5.0,3.30873,0.9301707779886148,0,8.0,4.0
335606,QUEEN OF PEACE RESIDENCE,QUEENS VILLAGE,Queens,NY,4.0,,8.03202,0.5622641509433962,0,18.0,20.0
335155,WINDSOR PARK REHAB & NURSING CENTER,QUEENS VILLAGE,Queens,NY,1.0,1.0,4.12509,0.8957142857142858,0,170.0,12.0
335726,BEACON REHABILITATION AND NURSING CENTER,ROCKAWAY PARK,Queens,NY,3.0,5.0,3.20344,0.9433333333333334,0,31.0,24.0
335093,PARK NURSING HOME,ROCKAWAY PARK,Queens,NY,3.0,2.0,3.34851,0.976530612244898,0,33.0,20.0
335292,PROMENADE REHABILITATION AND HEALTH CARE CENTER,ROCKAWAY PARK,Queens,NY,3.0,2.0,2.7279,0.895,0,36.0,40.0
335327,BRIDGE VIEW NURSING HOME,WHITESTONE,Queens,NY,3.0,4.0,2.68938,0.988,0,25.0,32.0
335130,THE GRAND REHABILITATION AND NURSING AT QUEENS,WHITESTONE,Queens,NY,4.0,4.0,2.77326,0.9798882681564246,0,15.0,16.0
335791,QUEENS BOULEVARD EXTENDED CARE FACILITY,WOODSIDE,Queens,NY,4.0,5.0,2.77964,0.9235714285714286,0,20.0,16.0
335455,CARMEL RICHMOND HEALTHCARE AND REHAB CENTER,STATEN ISLAND,Richmond,NY,4.0,5.0,2.79146,0.9026666666666667,0,13.0,16.0
335239,"CLOVE LAKES HEALTH CARE AND REHAB CENTER, INC",STATEN ISLAND,Richmond,NY,3.0,5.0,2.88792,0.8201388888888889,0,33.0,20.0
335332,EGER HEALTH CARE AND REHABILITATION CENTER,STATEN ISLAND,Richmond,NY,2.0,5.0,2.9021,0.7828042328042327,0,43.0,32.0
335502,GOLDEN GATE REHABILITATION & HEALTH CARE CENTER,STATEN ISLAND,Richmond,NY,1.0,4.0,2.55347,0.965546218487395,0,105.25,24.0
335372,"NEW VANDERBILT REHABILITATION AND CARE CENTER, INC",STATEN ISLAND,Richmond,NY,1.0,,3.04518,0.8115625,0,88.0,84.0
335772,RICHMOND CTR FOR REHAB AND SPECIALTY HEALTHCARE,STATEN ISLAND,Richmond,NY,2.0,4.0,4.95069,0.957258064516129,0,69.0,76.0
335108,SEA VIEW HOSPITAL REHABILITATION CENTER AND HOME,STATEN ISLAND,Richmond,NY,4.0,5.0,4.57514,0.9845394736842106,0,17.0,20.0
335196,SILVER LAKE SPECIALIZED REHAB AND CARE CENTER,STATEN ISLAND,Richmond,NY,3.0,1.0,2.95106,0.6712230215827338,0,34.0,44.0
335561,STATEN ISLAND CARE CENTER,STATEN ISLAND,Richmond,NY,4.0,5.0,2.37104,0.9576666666666667,0,21.0,20.0
335273,VERRAZANO NURSING AND POST-ACUTE CENTER,STATEN ISLAND,Richmond,NY,3.0,4.0,3.1983,0.9358333333333333,0,40.0,24.0
335418,"NORTHERN RIVERVIEW HEALTH CARE, INC",HAVERSTRAW,Rockland,NY,1.0,3.0,2.72369,0.9846153846153846,0,118.0,144.0
335380,NORTHERN METROPOLITAN RES HEALTH CARE FACILITY INC,MONSEY,Rockland,NY,2.0,3.0,2.9157,0.9791666666666666,0,39.0,52.0
335046,NORTHERN MANOR GERIATRIC CENTER INC,NANUET,Rockland,NY,1.0,1.0,2.79625,0.9709956709956711,0,75.0,56.0
335734,"FRIEDWALD CENTER FOR REHAB AND NURSING, L L C",NEW CITY,Rockland,NY,2.0,5.0,3.3451,0.9544444444444445,0,54.0,64.0
335285,PINE VALLEY CENTER FOR REHABILITATION AND NURSING,SPRING VALLEY,Rockland,NY,2.0,2.0,4.18103,0.975625,0,54.0,56.0
335148,THE WILLOWS AT RAMAPO REHAB AND NURSING CENTER,SUFFERN,Rockland,NY,2.0,5.0,2.83915,0.932512315270936,0,53.0,60.0
335365,NYACK RIDGE REHABILITATION AND NURSING CENTER,VALLEY COTTAGE,Rockland,NY,1.0,2.0,3.22513,0.931875,0,129.75,116.0
335311,TOLSTOY FOUNDATION REHABILITATION AND NRSG CENTER,VALLEY COTTAGE,Rockland,NY,1.0,3.0,3.68602,0.5906250000000001,1,359.75,453.0
335823,HELEN HAYES HOSPITAL R H C F,WEST HAVERSTRAW,Rockland,NY,5.0,5.0,6.74869,0.96,0,3.0,4.0
335873,HELEN HAYES HOSPITAL T C U,WEST HAVERSTRAW,Rockland,NY,5.0,5.0,6.98336,0.8958333333333334,0,0.0,0.0
335213,MASSAPEQUA CENTER REHABILITATION & NURSING,AMITYVILLE,Suffolk,NY,4.0,5.0,2.9614,0.91375,0,12.0,16.0
335568,SUNRISE MANOR CTR FOR NURSING AND REHABILITATION,BAY SHORE,Suffolk,NY,3.0,3.0,,,0,40.75,20.0
335837,MARIA REGINA REHABILITATION AND NURSING,BRENTWOOD,Suffolk,NY,3.0,5.0,3.77964,0.9297872340425533,0,36.0,32.0
335159,ROSS CENTER FOR NURSING AND REHABILITATION,BRENTWOOD,Suffolk,NY,2.0,5.0,3.06125,0.7807407407407407,0,54.0,60.0
335755,BELLHAVEN CENTER FOR REHAB AND NURSING CARE,BROOKHAVEN,Suffolk,NY,1.0,5.0,2.49913,0.9825,0,120.75,149.0
335402,"OASIS REHABILITATION AND NURSING, LLC",CENTER MORICHES,Suffolk,NY,5.0,5.0,2.89749,0.95,0,6.0,4.0
335696,GURWIN JEWISH NURSING AND REHABILITATION CENTER,COMMACK,Suffolk,NY,3.0,5.0,3.17497,0.9108695652173913,0,36.0,28.0
335401,MOMENTUM AT SOUTH BAY FOR REHAB AND NURSING,EAST ISLIP,Suffolk,NY,4.0,5.0,3.16274,0.875,0,17.0,20.0
335694,BROOKHAVEN HEALTH CARE FACILITY L L C,EAST PATCHOGUE,Suffolk,NY,3.0,4.0,3.89927,0.93875,0,24.0,20.0
335842,PECONIC LANDING AT SOUTHOLD,GREENPORT,Suffolk,NY,4.0,5.0,5.38883,0.7924242424242424,0,13.0,12.0
335274,SAN SIMEON BY THE SOUND CENTER FOR NURSING & REHAB,GREENPORT,Suffolk,NY,1.0,3.0,3.38481,0.9608333333333333,0,209.75,215.0
335835,ISLAND NURSING AND REHAB CENTER,HOLTSVILLE,Suffolk,NY,4.0,4.0,3.43658,0.8716666666666666,0,19.0,16.0
335286,CARILLON NURSING AND REHABILITATION CENTER,HUNTINGTON,Suffolk,NY,3.0,5.0,2.75128,0.9050793650793652,0,30.0,28.0
335040,PINE FOREST CARE CENTER FOR REHAB & HEALTHCARE,HUNTINGTON,Suffolk,NY,1.0,3.0,2.53789,0.9776315789473684,0,199.0,252.0
335067,APEX REHABILITATION & CARE CENTER,HUNTINGTON STATION,Suffolk,NY,2.0,5.0,3.30092,0.9615384615384616,0,71.0,72.0
335487,ST JOHNLAND NURSING CENTER INC,KINGS PARK,Suffolk,NY,1.0,5.0,3.7892,0.8052,1,142.75,177.0
335840,Medford Multicare Center For Living,MEDFORD,Suffolk,NY,1.0,2.0,2.6429,0.8746875,0,92.25,28.0
335818,HUNTINGTON HILLS CTR FOR HEALTH AND REHABILITATION,MELVILLE,Suffolk,NY,3.0,5.0,3.07735,0.9265625,0,37.0,44.0
335719,QUANTUM REHABILITATION AND NURSING L L C,MIDDLE ISLAND,Suffolk,NY,5.0,5.0,2.99191,0.9141666666666667,0,6.0,4.0
335390,SURGE REHABILITATION AND NURSING LLC,MIDDLE ISLAND,Suffolk,NY,5.0,5.0,3.60681,0.8310975609756098,0,11.0,8.0
335674,THE HAMLET REHABILITATION AND HEALTHCARE CENTER AT,NESCONSET,Suffolk,NY,4.0,5.0,2.76381,0.9741666666666667,0,19.0,12.0
335839,AFFINITY SKILLED LIVING AND REHABILITATION CENTER,OAKDALE,Suffolk,NY,3.0,5.0,3.1366,0.9075,0,36.0,32.0
335596,SWAN LAKE NURSING & REHABILITATION,PATCHOGUE,Suffolk,NY,1.0,4.0,1.61207,0.8441666666666666,0,113.75,145.0
335853,JOHN T MATHER MEMORIAL HOSP T C U,PORT JEFFERSON,Suffolk,NY,3.0,5.0,7.85911,0.825,0,30.0,36.0
335410,WATERS EDGE AT PORT JEFFERSON FOR REHAB AND NRSG,PORT JEFFERSON,Suffolk,NY,1.0,5.0,2.73267,0.8758333333333332,0,139.75,165.0
335514,ALLEGRIA NURSING & REHAB CENTER OF PORT JEFFERSON,PORT JEFFERSON STATI,Suffolk,NY,1.0,5.0,,0.9188811188811189,0,70.0,80.0
335254,ACADIA CENTER FOR NURSING AND REHABILITATION,RIVERHEAD,Suffolk,NY,4.0,5.0,3.32981,0.6143646408839779,0,21.0,12.0
335636,GOOD SAMARITAN NURSING AND REHABILITATION CARE CTR,SAYVILLE,Suffolk,NY,5.0,2.0,3.40544,0.7829999999999999,0,8.0,8.0
335761,LUXOR NURSING AND REHABILITATION AT SAYVILLE,SAYVILLE,Suffolk,NY,3.0,4.0,2.51481,0.9527777777777777,0,28.0,32.0
335175,BROOKSIDE MULTICARE NURSING CENTER,SMITHTOWN,Suffolk,NY,4.0,4.0,3.98939,0.8504249291784702,0,14.0,12.0
335756,SMITHTOWN CENTER FOR REHABILITATION & NURSING CARE,SMITHTOWN,Suffolk,NY,3.0,3.0,2.46775,0.9876543209876543,0,36.0,44.0
335821,ST CATHERINE OF SIENA NRSG AND REHAB CARE CENTER,SMITHTOWN,Suffolk,NY,3.0,3.0,4.04579,0.83375,0,35.0,36.0
335850,THE HAMPTONS CENTER FOR REHABILITATION AND NURSING,SOUTH HAMPTON,Suffolk,NY,1.0,4.0,3.34963,0.8875,1,201.75,261.0
335833,JEFFERSON'S FERRY,SOUTH SETAUKET,Suffolk,NY,5.0,5.0,5.0383,0.7733333333333333,0,4.0,0.0
335739,LUXOR NURSING AND REHABILITATION AT MILLS POND,ST JAMES,Suffolk,NY,4.0,5.0,2.67758,0.9468253968253968,0,19.0,20.0
335301,ST JAMES REHABILITATION & HEALTHCARE CENTER,ST JAMES,Suffolk,NY,3.0,4.0,3.13833,0.966086956521739,0,32.0,36.0
335758,LONG ISLAND STATE VETERANS HOME,STONYBROOK,Suffolk,NY,5.0,1.0,4.39965,0.8842857142857142,0,4.0,4.0
335083,BERKSHIRE NURSING & REHABILITATION CENTER,WEST BABYLON,Suffolk,NY,4.0,5.0,2.78557,0.9137142857142857,0,22.0,28.0
335681,EAST NECK NURSING & REHABILITATION CENTER,WEST BABYLON,Suffolk,NY,2.0,5.0,2.74345,0.9053333333333334,0,46.0,44.0
335539,OUR LADY OF CONSOLATION NURSING AND REHAB CARE CTR,WEST ISLIP,Suffolk,NY,2.0,4.0,3.66546,0.6164444444444444,0,57.0,64.0
335782,WESTHAMPTON CARE CENTER,WESTHAMPTON,Suffolk,NY,4.0,4.0,2.89832,0.9422222222222222,0,22.0,20.0
335005,BRIARCLIFF MANOR CENTER FOR REHAB AND NURSING CARE,BRIARCLIFF MANOR,Westchester,NY,1.0,4.0,2.81045,0.9766666666666667,1,88.75,68.0
335441,CORTLANDT HEALTHCARE,CORTLANDT MANOR,Westchester,NY,4.0,5.0,2.85713,0.9341666666666666,0,16.0,8.0
335078,YORKTOWN REHABILITATION & NURSING CENTER,CORTLANDT MANOR,Westchester,NY,3.0,5.0,3.73036,0.6104999999999999,0,38.0,28.0
335508,SKY VIEW REHABILITATION & HEALTH CARE CENTER L L C,CROTON ON HUDSON,Westchester,NY,3.0,5.0,2.93361,0.9036458333333334,0,28.0,32.0
335806,SPRINGVALE NURSING & REHABILITATION CENTER,CROTON ON HUDSON,Westchester,NY,1.0,5.0,4.09684,0.9365000000000001,1,79.0,80.0
335383,ST CABRINI NURSING HOME,DOBBS FERRY,Westchester,NY,3.0,3.0,3.65257,0.955921052631579,0,41.0,32.0
335795,ANDRUS ON HUDSON,HASTINGS ON HUDSON,Westchester,NY,3.0,4.0,3.43477,0.9730964467005075,0,31.0,24.0
335296,Sarah Neuman Center for Rehabilitation and Nursing,MAMARONECK,Westchester,NY,1.0,5.0,3.26012,0.925,1,108.0,132.0
335342,NORTH WESTCHESTER RESTORATIVE THERAPY & NRSG CRT,MOHEGAN LAKE,Westchester,NY,3.0,5.0,3.49665,0.9233333333333333,0,27.0,28.0
335832,NEW YORK STATE VETERANS HOME AT MONTROSE,MONTROSE,Westchester,NY,1.0,3.0,4.49371,0.8027777777777778,0,74.0,96.0
335269,The Wartburg Home,MOUNT VERNON,Westchester,NY,3.0,5.0,4.70319,0.20761904761904762,0,37.0,40.0
335459,WESTCHESTER CENTER FOR REHABILITATION & NURSING,MOUNT VERNON,Westchester,NY,1.0,5.0,3.62949,0.9754166666666666,0,102.0,112.0
335614,BAYBERRY NURSING HOME,NEW ROCHELLE,Westchester,NY,4.0,5.0,3.72066,0.9266666666666666,0,11.0,12.0
335271,DUMONT CENTER FOR REHABILITATION AND NURSING CARE,NEW ROCHELLE,Westchester,NY,2.0,4.0,2.58277,0.9556122448979593,0,48.0,60.0
335611,GLEN ISLAND CENTER FOR NURSING AND REHABILITATION,NEW ROCHELLE,Westchester,NY,2.0,2.0,2.89157,0.9633879781420766,0,43.0,32.0
335337,SCHAFFER EXTENDED CARE CENTER,NEW ROCHELLE,Westchester,NY,1.0,3.0,3.6247,0.8826666666666667,0,128.5,162.0
335350,SUTTON PARK CENTER FOR NURSING AND REHABILITATION,NEW ROCHELLE,Westchester,NY,3.0,2.0,2.72511,0.93,0,29.0,24.0
335621,UNITED HEBREW GERIATRIC CENTER,NEW ROCHELLE,Westchester,NY,4.0,5.0,3.75851,0.5717687074829931,0,14.0,16.0
335490,BETHEL NURSING HOME COMPANY INC,OSSINING,Westchester,NY,2.0,5.0,4.19439,0.7790697674418605,0,54.0,60.0
335185,CEDAR MANOR NURSING & REHABILITATION CENTER,OSSINING,Westchester,NY,1.0,3.0,2.88481,0.9006535947712418,1,73.0,80.0
335667,SUNSHINE CHILDREN'S HOME AND REHAB CENTER,OSSINING,Westchester,NY,5.0,,5.03807,0.9959016393442623,0,5.0,0.0
335003,THE EMERALD PEEK REHABILITATION AND NURSING CENTER,PEEKSKILL,Westchester,NY,2.0,5.0,2.7122,0.8859999999999999,0,51.0,40.0
335447,KING STREET HOME INC,PORT CHESTER,Westchester,NY,2.0,5.0,4.68437,0.5091666666666667,0,62.0,80.0
335312,THE ENCLAVE AT RYE  REHAB AND NURSING CTR,PORT CHESTER,Westchester,NY,3.0,5.0,2.61273,0.944375,0,23.0,28.0
335259,WATERVIEW HILLS REHABILITATION AND NURSING CENTER,PURDY STATION,Westchester,NY,3.0,5.0,2.90607,0.893076923076923,0,27.0,36.0
335687,SALEM HILLS REHABILITATION AND NURSING CENTER,PURDYS,Westchester,NY,3.0,3.0,2.6431,0.9626984126984127,0,27.0,36.0
335797,THE OSBORN,RYE,Westchester,NY,3.0,5.0,4.49409,0.9047619047619048,0,35.0,32.0
335320,SPRAIN BROOK MANOR REHAB,SCARSDALE,Westchester,NY,4.0,4.0,2.92097,0.868595041322314,0,16.0,20.0
335848,KENDAL ON HUDSON,SLEEPY HOLLOW,Westchester,NY,4.0,5.0,5.43386,0.8999999999999999,0,20.0,24.0
335261,THE PARAMOUNT AT SOMERS REHAB AND NURSING CENTER,SOMERS,Westchester,NY,1.0,5.0,2.52944,0.9253333333333335,0,81.0,88.0
335421,TARRYTOWN HALL CARE CENTER,TARRYTOWN,Westchester,NY,3.0,3.0,3.61666,0.9608333333333333,0,33.0,44.0
335809,THE GROVE AT VALHALLA REHAB AND NURSING CENTER,VALHALLA,Westchester,NY,1.0,5.0,2.58454,1.0074999999999998,0,81.0,84.0
335844,THE KNOLLS,VALHALLA,Westchester,NY,5.0,5.0,5.33161,0.825,0,9.0,0.0
335874,THE STEVEN AND ALEXANDRA COHEN PED L T C PAVILION,VALHALLA,Westchester,NY,5.0,,3.66637,0.9541666666666666,0,3.0,4.0
335878,EPIC REHABILITATION AND NURSING AT WHITE PLAINS,WHITE PLAINS,Westchester,NY,2.0,5.0,3.27168,0.8574999999999999,0,63.0,80.0
335424,MARTINE CENTER FOR REHABILITATION AND NURSING,WHITE PLAINS,Westchester,NY,2.0,1.0,4.16229,0.8457777777777779,0,70.0,72.0
335224,"WHITE PLAINS CENTER FOR NURSING CARE, L L C",WHITE PLAINS,Westchester,NY,4.0,5.0,4.20302,0.9352272727272727,0,16.0,20.0
335829,ADIRA AT RIVERSIDE REHABILITATION AND NURSING,YONKERS,Westchester,NY,1.0,5.0,2.98285,0.8891666666666667,0,105.0,132.0
33A246,ELIZABETH SETON CHILDREN'S CENTER,YONKERS,Westchester,NY,4.0,,5.11755,0.9834319526627219,0,19.0,12.0
335080,HUDSON HILL CENTER FOR REHABILITATION & NURSING,YONKERS,Westchester,NY,1.0,,2.91406,0.8911111111111111,1,163.75,160.0
335398,SANS SOUCI REHABILITATION AND NURSING CENTER,YONKERS,Westchester,NY,1.0,4.0,2.56787,0.9291666666666667,1,107.0,132.0
335515,YONKERS GARDENS CENTER FOR NURSING AND REHAB,YONKERS,Westchester,NY,1.0,1.0,3.09925,0.893,1,139.0,115.0
